[
  {
    "id":"1",
    "title":"Rio de Janeiro, Brazil",
    "description":"Rio de Janeiro or simply Rio, is the second-most populous city in Brazil and the sixth-most populous in the Americas.",
    "width":"1200",
    "height":"720",
    "pathURL":"images/agustin-diaz-gargiulo-7F65HDP0-E0-unsplash.jpg",
    "linkURL":"https://en.wikipedia.org/wiki/Rio_de_Janeiro",
    "credit":"Agustin Diaz Gargiulo",
    "creditURL":"https://unsplash.com/photos/7F65HDP0-E0"
  },
  {
    "id":"2",
    "title":"Moscow, Russia",
    "description":"Moscow is the capital and largest city of Russia.",
    "width":"1200",
    "height":"720",
    "pathURL":"images/alexander-smagin-B_F3hj-Z_Sc-unsplash.jpg",
    "linkURL":"https://en.wikipedia.org/wiki/Moscow",
    "credit":"Alexander Smagin",
    "creditURL":"https://unsplash.com/photos/B_F3hj-Z_Sc"
  },
  {
    "id":"3",
    "title":"Barcelona, Spain",
    "description":"Barcelona is a city on the coast of northeastern Spain.",
    "width":"1200",
    "height":"720",
    "pathURL":"images/benjamin-gremler-q_TzfAt4NQ8-unsplash.jpg",
    "linkURL":"https://en.wikipedia.org/wiki/Barcelona",
    "credit":"Benjamín Gremler",
    "creditURL":"https://unsplash.com/photos/q_TzfAt4NQ8"
  },
  {
    "id":"4",
    "title":"Auckland, New Zealand",
    "description":"Auckland is a sprawling metropolitan city in the North Island of New Zealand.",
    "width":"1200",
    "height":"720",
    "pathURL":"images/dan-freeman-hIKVSVKH7No-unsplash.jpg",
    "linkURL":"https://en.wikipedia.org/wiki/Auckland",
    "credit":"Dan Freeman",
    "creditURL":"https://unsplash.com/photos/hIKVSVKH7No"
  },
  {
    "id":"5",
    "title":"London, United Kingdom",
    "description":"London is the capital and largest city of England and the United Kingdom.",
    "width":"1200",
    "height":"720",
    "pathURL":"images/henry-be-DpI-_wydgJM-unsplash.jpg",
    "linkURL":"https://en.wikipedia.org/wiki/London",
    "credit":"Henry Be",
    "creditURL":"https://unsplash.com/photos/DpI-_wydgJM"
  },
  {
    "id":"6",
    "title":"Shanghai, China",
    "description":"Shanghai is one of the four direct-administered municipalities of the People's Republic of China, governed by the State Council.",
    "width":"1200",
    "height":"720",
    "pathURL":"images/li-yang-5h_dMuX_7RE-unsplash.jpg",
    "linkURL":"https://en.wikipedia.org/wiki/Shanghai",
    "credit":"Li Yang",
    "creditURL":"https://unsplash.com/photos/5h_dMuX_7RE"
  },
  {
    "id":"7",
    "title":"Sydney, Australia",
    "description":"Sydney is the capital city of the state of New South Wales, and the most populous city in Australia and Oceania.",
    "width":"1200",
    "height":"720",
    "pathURL":"images/liam-pozz-HZvGtncWvyQ-unsplash.jpg",
    "linkURL":"https://en.wikipedia.org/wiki/Sydney",
    "credit":"Liam Pozz",
    "creditURL":"https://unsplash.com/photos/HZvGtncWvyQ"
  },
  {
    "id":"8",
    "title":"New York, United States of America",
    "description":"New York City (NYC), often called simply New York, is the most populous city in the United States.",
    "width":"1200",
    "height":"720",
    "pathURL":"images/oliver-niblett-wh-7GeXxItI-unsplash.jpg",
    "linkURL":"https://en.wikipedia.org/wiki/New_York_City",
    "credit":"Oliver Niblett",
    "creditURL":"https://unsplash.com/photos/wh-7GeXxItI"
  },
  {
    "id":"9",
    "title":"Trolltunga, Norway",
    "description":"Trolltunga is a rock formation situated about 1,100 metres (3,1200 ft) above sea level in Ullensvang Municipality in Vestland county, Norway.",
    "width":"1200",
    "height":"720",
    "pathURL":"images/robert-bye-cKBsq-5U17A-unsplash.jpg",
    "linkURL":"https://en.wikipedia.org/wiki/Trolltunga",
    "credit":"Robert Bye",
    "creditURL":"https://unsplash.com/photos/cKBsq-5U17A"
  },
  {
    "id":"10",
    "title":"Tokyo, Japan",
    "description":"Tokyo is the de facto capital and most populous prefecture of Japan.",
    "width":"1200",
    "height":"720",
    "pathURL":"images/shai-pal-i-Z7wYk8AhA-unsplash.jpg",
    "linkURL":"https://en.wikipedia.org/wiki/Tokyo",
    "credit":"Shai Pal",
    "creditURL":"https://unsplash.com/photos/i-Z7wYk8AhA"
  },
  {
    "id":"11",
    "title":"Berlin, Germany",
    "description":"Berlin is the capital and largest city of Germany by both area and population.",
    "width":"1200",
    "height":"720",
    "pathURL":"images/stefan-widua-iPOZf3tQfHA-unsplash.jpg",
    "linkURL":"https://en.wikipedia.org/wiki/Berlin",
    "credit":"Stefan Widua",
    "creditURL":"https://unsplash.com/photos/iPOZf3tQfHA"
  },
  {
    "id":"12",
    "title":"Mont-Saint-Michel, France",
    "description":"Le Mont-Saint-Michel is a tidal island and mainland commune in Normandy, France.",
    "width":"1200",
    "height":"720",
    "pathURL":"images/xavier-senente-poOUmJA4qCU-unsplash.jpg",
    "linkURL":"https://en.wikipedia.org/wiki/Mont-Saint-Michel",
    "credit":"Xavier Senente",
    "creditURL":"https://unsplash.com/photos/poOUmJA4qCU"
  }
]